SET search_path TO "sample";

-- 
-- Dumping data for table pers_opt_xref
-- 

INSERT INTO pers_opt_xref VALUES ('AJM', 'BARACUDA', '2003-01-01 12:00:00', 'AJM', NULL, NULL);
INSERT INTO pers_opt_xref VALUES ('AJM', 'CHINCHIL', '2003-01-01 12:00:00', 'AJM', NULL, NULL);
INSERT INTO pers_opt_xref VALUES ('AJM', 'DINOSAUR', '2003-01-01 12:00:00', 'AJM', NULL, NULL);
INSERT INTO pers_opt_xref VALUES ('AJM', 'FERRET', '2003-01-01 12:00:00', 'AJM', NULL, NULL);
INSERT INTO pers_opt_xref VALUES ('AJM', 'GERBIL', '2003-01-01 12:00:00', 'AJM', NULL, NULL);
INSERT INTO pers_opt_xref VALUES ('AJM', 'HADDOCK', '2003-01-01 12:00:00', 'AJM', NULL, NULL);
INSERT INTO pers_opt_xref VALUES ('AJM', 'IBEX', '2003-01-01 12:00:00', 'AJM', NULL, NULL);
INSERT INTO pers_opt_xref VALUES ('AJM', 'JABBER', '2003-01-01 12:00:00', 'AJM', NULL, NULL);
INSERT INTO pers_opt_xref VALUES ('AJM', 'KANGEROO', '2003-01-01 12:00:00', 'AJM', NULL, NULL);
INSERT INTO pers_opt_xref VALUES ('AJM', 'LEMMING', '2003-01-01 12:00:00', 'AJM', NULL, NULL);
INSERT INTO pers_opt_xref VALUES ('AJM', 'MACAW', '2003-01-01 12:00:00', 'AJM', NULL, NULL);
INSERT INTO pers_opt_xref VALUES ('AJM', 'NASTURTI', '2003-01-01 12:00:00', 'AJM', NULL, NULL);
INSERT INTO pers_opt_xref VALUES ('AJM', 'OAK', '2003-01-01 12:00:00', 'AJM', NULL, NULL);
INSERT INTO pers_opt_xref VALUES ('AJM', 'PARROT', '2003-01-01 12:00:00', 'AJM', NULL, NULL);
INSERT INTO pers_opt_xref VALUES ('AJM', 'QUAIL', '2003-01-01 12:00:00', 'AJM', NULL, NULL);
INSERT INTO pers_opt_xref VALUES ('AJM', 'RABBIT', '2003-01-01 12:00:00', 'AJM', NULL, NULL);
INSERT INTO pers_opt_xref VALUES ('AJM', 'SALAMAND', '2003-01-01 12:00:00', 'AJM', NULL, NULL);
INSERT INTO pers_opt_xref VALUES ('AJM', 'TARANTUL', '2003-01-01 12:00:00', 'AJM', NULL, NULL);
INSERT INTO pers_opt_xref VALUES ('AJM', 'UKELELE', '2003-01-01 12:00:00', 'AJM', NULL, NULL);
INSERT INTO pers_opt_xref VALUES ('AJM', 'VIXEN', '2003-01-01 12:00:00', 'AJM', NULL, NULL);
INSERT INTO pers_opt_xref VALUES ('AJM', 'WATERBUF', '2003-01-01 12:00:00', 'AJM', NULL, NULL);
INSERT INTO pers_opt_xref VALUES ('AJM', 'XENOPHIL', '2003-01-01 12:00:00', 'AJM', NULL, NULL);
INSERT INTO pers_opt_xref VALUES ('AJM', 'YAK', '2003-01-01 12:00:00', 'AJM', NULL, NULL);
INSERT INTO pers_opt_xref VALUES ('AJM', 'ZEBRA', '2003-01-01 12:00:00', 'AJM', NULL, NULL);
INSERT INTO pers_opt_xref VALUES ('BB', 'ANACONDA', '2003-01-01 12:00:00', 'AJM', NULL, NULL);
INSERT INTO pers_opt_xref VALUES ('BB', 'BUMBLE', '2003-01-01 12:00:00', 'AJM', NULL, NULL);
INSERT INTO pers_opt_xref VALUES ('BB', 'CROCODIL', '2003-01-01 12:00:00', 'AJM', NULL, NULL);
INSERT INTO pers_opt_xref VALUES ('BB', 'DUCKBILL', '2003-01-01 12:00:00', 'AJM', NULL, NULL);
INSERT INTO pers_opt_xref VALUES ('BB', 'EMU', '2003-01-01 12:00:00', 'AJM', NULL, NULL);
INSERT INTO pers_opt_xref VALUES ('BG', 'ANACONDA', '2003-01-01 12:00:00', 'AJM', NULL, NULL);
INSERT INTO pers_opt_xref VALUES ('BG', 'BUMBLE', '2003-01-01 12:00:00', 'AJM', NULL, NULL);
INSERT INTO pers_opt_xref VALUES ('BG', 'CROCODIL', '2003-01-01 12:00:00', 'AJM', NULL, NULL);
INSERT INTO pers_opt_xref VALUES ('BG', 'DUCKBILL', '2003-01-01 12:00:00', 'AJM', NULL, NULL);
INSERT INTO pers_opt_xref VALUES ('BG', 'EMU', '2003-01-01 12:00:00', 'AJM', NULL, NULL);
INSERT INTO pers_opt_xref VALUES ('CC', 'ALBATROS', '2003-01-01 12:00:00', 'AJM', NULL, NULL);
INSERT INTO pers_opt_xref VALUES ('CC', 'BARACUDA', '2003-01-01 12:00:00', 'AJM', NULL, NULL);
INSERT INTO pers_opt_xref VALUES ('CC', 'CHINCHIL', '2003-01-01 12:00:00', 'AJM', NULL, NULL);
INSERT INTO pers_opt_xref VALUES ('CC', 'DINOSAUR', '2003-01-01 12:00:00', 'AJM', NULL, NULL);
INSERT INTO pers_opt_xref VALUES ('CJ', 'ALBATROS', '2003-01-01 12:00:00', 'AJM', NULL, NULL);
INSERT INTO pers_opt_xref VALUES ('DD', 'ALBATROS', '2003-01-01 12:00:00', 'AJM', NULL, NULL);
INSERT INTO pers_opt_xref VALUES ('DD', 'BARACUDA', '2003-01-01 12:00:00', 'AJM', NULL, NULL);
INSERT INTO pers_opt_xref VALUES ('DD', 'CHINCHIL', '2003-01-01 12:00:00', 'AJM', NULL, NULL);
INSERT INTO pers_opt_xref VALUES ('DD', 'DINOSAUR', '2003-01-01 12:00:00', 'AJM', NULL, NULL);
INSERT INTO pers_opt_xref VALUES ('PA', 'GERBIL', '2003-01-01 12:00:00', 'AJM', NULL, NULL);
INSERT INTO pers_opt_xref VALUES ('EE', 'CROCODIL', '2003-01-01 12:00:00', 'AJM', NULL, NULL);
INSERT INTO pers_opt_xref VALUES ('EE', 'DUCKBILL', '2003-01-01 12:00:00', 'AJM', NULL, NULL);
INSERT INTO pers_opt_xref VALUES ('EE', 'EMU', '2003-01-01 12:00:00', 'AJM', NULL, NULL);
INSERT INTO pers_opt_xref VALUES ('FB', 'ALBATROS', '2003-01-01 12:00:00', 'AJM', NULL, NULL);
INSERT INTO pers_opt_xref VALUES ('FB', 'BARACUDA', '2003-01-01 12:00:00', 'AJM', NULL, NULL);
INSERT INTO pers_opt_xref VALUES ('FB', 'CHINCHIL', '2003-01-01 12:00:00', 'AJM', NULL, NULL);
INSERT INTO pers_opt_xref VALUES ('FB', 'DINOSAUR', '2003-01-01 12:00:00', 'AJM', NULL, NULL);
INSERT INTO pers_opt_xref VALUES ('FB', 'ZOMBIE', '2003-01-01 12:00:00', 'AJM', NULL, NULL);
INSERT INTO pers_opt_xref VALUES ('KB', 'ANACONDA', '2003-01-01 12:00:00', 'AJM', NULL, NULL);
INSERT INTO pers_opt_xref VALUES ('KB', 'BUMBLE', '2003-01-01 12:00:00', 'AJM', NULL, NULL);
INSERT INTO pers_opt_xref VALUES ('KB', 'CROCODIL', '2003-01-01 12:00:00', 'AJM', NULL, NULL);
INSERT INTO pers_opt_xref VALUES ('KB', 'DUCKBILL', '2003-01-01 12:00:00', 'AJM', NULL, NULL);
INSERT INTO pers_opt_xref VALUES ('KB', 'EMU', '2003-01-01 12:00:00', 'AJM', NULL, NULL);
INSERT INTO pers_opt_xref VALUES ('KB', 'FOX', '2003-01-01 12:00:00', 'AJM', NULL, NULL);
INSERT INTO pers_opt_xref VALUES ('KB', 'GORILLA', '2003-01-01 12:00:00', 'AJM', NULL, NULL);
INSERT INTO pers_opt_xref VALUES ('KB', 'HAMSTER', '2003-01-01 12:00:00', 'AJM', NULL, NULL);
INSERT INTO pers_opt_xref VALUES ('KB', 'IBIS', '2003-01-01 12:00:00', 'AJM', NULL, NULL);
INSERT INTO pers_opt_xref VALUES ('KB', 'JACKAL', '2003-01-01 12:00:00', 'AJM', NULL, NULL);
INSERT INTO pers_opt_xref VALUES ('KB', 'KESTREL', '2003-01-01 12:00:00', 'AJM', NULL, NULL);
INSERT INTO pers_opt_xref VALUES ('KB', 'LION', '2003-01-01 12:00:00', 'AJM', NULL, NULL);
INSERT INTO pers_opt_xref VALUES ('KB', 'MOUSE', '2003-01-01 12:00:00', 'AJM', NULL, NULL);
INSERT INTO pers_opt_xref VALUES ('KB', 'NATTERJA', '2003-01-01 12:00:00', 'AJM', NULL, NULL);
INSERT INTO pers_opt_xref VALUES ('KB', 'OCELOT', '2003-01-01 12:00:00', 'AJM', NULL, NULL);
INSERT INTO pers_opt_xref VALUES ('KB', 'PARSLEY', '2003-01-01 12:00:00', 'AJM', NULL, NULL);
INSERT INTO pers_opt_xref VALUES ('KB', 'RACOON', '2003-01-01 12:00:00', 'AJM', NULL, NULL);
INSERT INTO pers_opt_xref VALUES ('KB', 'TURKEY', '2003-01-01 12:00:00', 'AJM', NULL, NULL);
INSERT INTO pers_opt_xref VALUES ('KB', 'URCHIN', '2003-01-01 12:00:00', 'AJM', NULL, NULL);
INSERT INTO pers_opt_xref VALUES ('KB', 'VOLE', '2003-01-01 12:00:00', 'AJM', NULL, NULL);
INSERT INTO pers_opt_xref VALUES ('KB', 'WILDEBEE', '2003-01-01 12:00:00', 'AJM', NULL, NULL);
INSERT INTO pers_opt_xref VALUES ('KB', 'XENOPHOB', '2003-01-01 12:00:00', 'AJM', NULL, NULL);
INSERT INTO pers_opt_xref VALUES ('KB', 'YETI', '2003-01-01 12:00:00', 'AJM', NULL, NULL);
INSERT INTO pers_opt_xref VALUES ('KB', 'ZOMBIE', '2003-01-01 12:00:00', 'AJM', NULL, NULL);
INSERT INTO pers_opt_xref VALUES ('LH', 'ALBATROS', '2003-01-01 12:00:00', 'AJM', NULL, NULL);
INSERT INTO pers_opt_xref VALUES ('LH', 'ZOMBIE', '2003-01-01 12:00:00', 'AJM', NULL, NULL);
INSERT INTO pers_opt_xref VALUES ('LL', 'ALBATROS', '2003-01-01 12:00:00', 'AJM', NULL, NULL);
INSERT INTO pers_opt_xref VALUES ('PV', 'ALBATROS', '2003-01-01 12:00:00', 'AJM', NULL, NULL);
INSERT INTO pers_opt_xref VALUES ('MM', 'ALBATROS', '2003-01-01 12:00:00', 'AJM', NULL, NULL);
INSERT INTO pers_opt_xref VALUES ('PA', 'FERRET', '2003-01-01 12:00:00', 'AJM', NULL, NULL);
INSERT INTO pers_opt_xref VALUES ('PA', 'DINOSAUR', '2003-01-01 12:00:00', 'AJM', NULL, NULL);
INSERT INTO pers_opt_xref VALUES ('PA', 'CHINCHIL', '2003-01-01 12:00:00', 'AJM', NULL, NULL);
INSERT INTO pers_opt_xref VALUES ('EE', 'BUMBLE', '2003-01-01 12:00:00', 'AJM', NULL, NULL);
INSERT INTO pers_opt_xref VALUES ('EE', 'ANACONDA', '2003-01-01 12:00:00', 'AJM', NULL, NULL);
INSERT INTO pers_opt_xref VALUES ('PA', 'KANGEROO', '2003-01-01 12:00:00', 'AJM', NULL, NULL);
INSERT INTO pers_opt_xref VALUES ('PA', 'LEMMING', '2003-01-01 12:00:00', 'AJM', NULL, NULL);
INSERT INTO pers_opt_xref VALUES ('PA', 'MACAW', '2003-01-01 12:00:00', 'AJM', NULL, NULL);
INSERT INTO pers_opt_xref VALUES ('PA', 'NASTURTI', '2003-01-01 12:00:00', 'AJM', NULL, NULL);
INSERT INTO pers_opt_xref VALUES ('PA', 'OAK', '2003-01-01 12:00:00', 'AJM', NULL, NULL);
INSERT INTO pers_opt_xref VALUES ('PA', 'PARROT', '2003-01-01 12:00:00', 'AJM', NULL, NULL);
INSERT INTO pers_opt_xref VALUES ('PA', 'QUAIL', '2003-01-01 12:00:00', 'AJM', NULL, NULL);
INSERT INTO pers_opt_xref VALUES ('PA', 'RABBIT', '2003-01-01 12:00:00', 'AJM', NULL, NULL);
INSERT INTO pers_opt_xref VALUES ('PA', 'SALAMAND', '2003-01-01 12:00:00', 'AJM', NULL, NULL);
INSERT INTO pers_opt_xref VALUES ('PA', 'TARANTUL', '2003-01-01 12:00:00', 'AJM', NULL, NULL);
INSERT INTO pers_opt_xref VALUES ('Z', 'ALBATROS', '2003-01-01 12:00:00', 'AJM', NULL, NULL);
INSERT INTO pers_opt_xref VALUES ('PQ', 'ALBATROS', '2003-01-01 12:00:00', 'AJM', NULL, NULL);
INSERT INTO pers_opt_xref VALUES ('RO', 'ALBATROS', '2003-01-01 12:00:00', 'AJM', NULL, NULL);
INSERT INTO pers_opt_xref VALUES ('RR', 'ALBATROS', '2003-01-01 12:00:00', 'AJM', NULL, NULL);
INSERT INTO pers_opt_xref VALUES ('RR', 'ZOMBIE', '2003-01-01 12:00:00', 'AJM', NULL, NULL);
INSERT INTO pers_opt_xref VALUES ('WW', 'ALBATROS', '2003-01-01 12:00:00', 'AJM', NULL, NULL);
INSERT INTO pers_opt_xref VALUES ('SF', 'ALBATROS', '2003-01-01 12:00:00', 'AJM', NULL, NULL);
INSERT INTO pers_opt_xref VALUES ('SF', 'BARACUDA', '2003-01-01 12:00:00', 'AJM', NULL, NULL);
INSERT INTO pers_opt_xref VALUES ('SF', 'CHINCHIL', '2003-01-01 12:00:00', 'AJM', NULL, NULL);
INSERT INTO pers_opt_xref VALUES ('SF', 'DINOSAUR', '2003-01-01 12:00:00', 'AJM', NULL, NULL);
INSERT INTO pers_opt_xref VALUES ('SF', 'ZOMBIE', '2003-01-01 12:00:00', 'AJM', NULL, NULL);
INSERT INTO pers_opt_xref VALUES ('SS', 'ZOMBIE', '2003-01-01 12:00:00', 'AJM', NULL, NULL);
INSERT INTO pers_opt_xref VALUES ('WC', 'ANACONDA', '2003-01-01 12:00:00', 'AJM', NULL, NULL);
INSERT INTO pers_opt_xref VALUES ('WC', 'BUMBLE', '2003-01-01 12:00:00', 'AJM', NULL, NULL);
INSERT INTO pers_opt_xref VALUES ('WC', 'CROCODIL', '2003-01-01 12:00:00', 'AJM', NULL, NULL);
INSERT INTO pers_opt_xref VALUES ('WC', 'DUCKBILL', '2003-01-01 12:00:00', 'AJM', NULL, NULL);
INSERT INTO pers_opt_xref VALUES ('WC', 'EMU', '2003-01-01 12:00:00', 'AJM', NULL, NULL);
INSERT INTO pers_opt_xref VALUES ('TT', 'ALBATROS', '2003-01-01 12:00:00', 'AJM', NULL, NULL);
INSERT INTO pers_opt_xref VALUES ('PA', 'ZEBRA', '2003-01-01 12:00:00', 'AJM', NULL, NULL);
INSERT INTO pers_opt_xref VALUES ('YY', 'ALBATROS', '2003-01-01 12:00:00', 'AJM', NULL, NULL);
INSERT INTO pers_opt_xref VALUES ('PA', 'VIXEN', '2003-01-01 12:00:00', 'AJM', NULL, NULL);
INSERT INTO pers_opt_xref VALUES ('PA', 'WATERBUF', '2003-01-01 12:00:00', 'AJM', NULL, NULL);
INSERT INTO pers_opt_xref VALUES ('PA', 'XENOPHIL', '2003-01-01 12:00:00', 'AJM', NULL, NULL);
INSERT INTO pers_opt_xref VALUES ('PA', 'YAK', '2003-01-01 12:00:00', 'AJM', NULL, NULL);
INSERT INTO pers_opt_xref VALUES ('EE', 'ALBATROS', '2005-01-16 18:10:49', '127.0.0.1', NULL, NULL);
INSERT INTO pers_opt_xref VALUES ('PA', 'UKELELE', '2003-01-01 12:00:00', 'AJM', NULL, NULL);
INSERT INTO pers_opt_xref VALUES ('EE', 'BARACUDA', '2005-01-16 18:10:49', '127.0.0.1', NULL, NULL);
INSERT INTO pers_opt_xref VALUES ('PA', 'HADDOCK', '2003-01-01 12:00:00', 'AJM', NULL, NULL);
INSERT INTO pers_opt_xref VALUES ('PA', 'BARACUDA', '2003-01-01 12:00:00', 'AJM', NULL, NULL);
INSERT INTO pers_opt_xref VALUES ('PA', 'ALBATROS', '2003-01-01 12:00:00', 'AJM', NULL, NULL);
INSERT INTO pers_opt_xref VALUES ('PA', 'IBEX', '2003-01-01 12:00:00', 'AJM', NULL, NULL);
INSERT INTO pers_opt_xref VALUES ('PA', 'JABBER', '2003-01-01 12:00:00', 'AJM', NULL, NULL);
INSERT INTO pers_opt_xref VALUES ('BB', 'ALBATROS', '2005-08-15 22:17:06', '127.0.0.1', NULL, NULL);
go
-- 
-- Dumping data for table pers_type
-- 

INSERT INTO pers_type VALUES ('ACTOR', 'Actor/Artiste', '2003-01-01 12:00:00', 'AJM', NULL, NULL);
INSERT INTO pers_type VALUES ('BORING', 'Boring Person', '2003-01-01 12:00:00', 'AJM', NULL, NULL);
INSERT INTO pers_type VALUES ('CARTOO', 'Cartoon Character', '2003-01-01 12:00:00', 'AJM', NULL, NULL);
INSERT INTO pers_type VALUES ('DOLLY', 'Dolly Bird', '2003-01-01 12:00:00', 'AJM', NULL, NULL);
INSERT INTO pers_type VALUES ('EXEC', 'Executive', '2003-01-01 12:00:00', 'AJM', NULL, NULL);
INSERT INTO pers_type VALUES ('FUNNY', 'Funny Person/Comedian', '2003-01-01 12:00:00', 'AJM', NULL, NULL);
INSERT INTO pers_type VALUES ('GENFAC', 'General Factotum', '2003-01-01 12:00:00', 'AJM', NULL, NULL);
INSERT INTO pers_type VALUES ('IGTWIT', 'Ignorant Twit', '2003-01-01 12:00:00', 'AJM', NULL, NULL);
INSERT INTO pers_type VALUES ('JAMMY', 'Jammy Beggar', '2003-01-01 12:00:00', 'AJM', NULL, NULL);
INSERT INTO pers_type VALUES ('KLEPTO', 'Kleptomaniac', '2003-01-01 12:00:00', 'AJM', NULL, NULL);
INSERT INTO pers_type VALUES ('LAZY', 'Lazy Bones', '2003-01-01 12:00:00', 'AJM', NULL, NULL);
INSERT INTO pers_type VALUES ('MAD', 'Mad as a Hatter', '2003-01-01 12:00:00', 'AJM', NULL, NULL);
INSERT INTO pers_type VALUES ('NINNY', 'Nincompoop', '2003-01-01 12:00:00', 'AJM', NULL, NULL);
INSERT INTO pers_type VALUES ('ONE', 'One Sandwich Short of a Picnic', '2003-01-01 12:00:00', 'AJM', NULL, NULL);
INSERT INTO pers_type VALUES ('LAME', 'Lame Brain', '2003-01-01 12:00:00', 'AJM', NULL, NULL);
INSERT INTO pers_type VALUES ('HISTOR', 'Historical Figure', '2003-01-01 12:00:00', 'AJM', NULL, NULL);
INSERT INTO pers_type VALUES ('QP', 'Of Questionable Parentage', '2003-01-01 12:00:00', 'AJM', NULL, NULL);
INSERT INTO pers_type VALUES ('ANON', 'Anne Oni Mouse', '2003-01-01 12:00:00', 'AJM', NULL, NULL);
INSERT INTO pers_type VALUES ('FILM', 'Film Star', '2003-01-01 12:00:00', 'AJM', NULL, NULL);
INSERT INTO pers_type VALUES ('LAYABO', 'Layabout', '2003-01-01 12:00:00', 'AJM', NULL, NULL);
INSERT INTO pers_type VALUES ('MOANER', 'Moaning Minnie', '2003-01-01 12:00:00', 'AJM', NULL, NULL);
INSERT INTO pers_type VALUES ('PP', 'Party Pooper', '2003-01-01 12:00:00', 'AJM', NULL, NULL);
INSERT INTO pers_type VALUES ('FAMOUS', 'Famous Person', '2003-01-01 12:00:00', 'AJM', NULL, NULL);
INSERT INTO pers_type VALUES ('OBNOXI', 'Obnoxious Oik', '2003-01-01 12:00:00', 'AJM', NULL, NULL);
go
-- 
-- Dumping data for table person
-- 

INSERT INTO person VALUES ('AJM', 'GENFAC', 15, 'XX123456Y', 'Tony', 'Marston', '', 'CAP', 'tony@marston-home.demon.co.uk', NULL, NULL, '1951-01-02', '2005-01-02', NULL, '2003-01-01 12:00:00', 'AJM', '2004-08-30 16:17:05', 'AJM');
INSERT INTO person VALUES ('MM', 'CARTOO', 19, 'MM', 'Mickey', 'Mouse', NULL, 'LEO', NULL, NULL, NULL, '2001-01-01', '9999-12-31', NULL, '2003-01-01 12:00:00', 'AJM', '2004-08-30 16:17:17', 'AJM');
INSERT INTO person VALUES ('DD', 'CARTOO', 19, 'DD', 'Donald', 'Duck', NULL, 'SAG', NULL, NULL, NULL, '1998-02-02', '9999-12-31', NULL, '2003-01-01 12:00:00', 'AJM', '2004-08-30 16:13:54', 'AJM');
INSERT INTO person VALUES ('WC', 'CARTOO', 15, 'WC', 'Wiley', 'Coyote', NULL, 'SAG', 'wileycoyote@cartoonland.com', NULL, NULL, '1950-01-01', '9999-12-31', NULL, '2003-01-01 12:00:00', 'AJM', '2004-08-30 16:13:40', 'AJM');
INSERT INTO person VALUES ('BB', 'CARTOO', 53, 'BB', 'Billy', 'Bunter', NULL, 'CAN', 'bb@fatman.com', NULL, NULL, '2002-12-01', '9999-12-31', NULL, '2003-01-01 12:00:00', 'AJM', '2004-08-30 16:13:12', 'AJM');
INSERT INTO person VALUES ('RR', 'CARTOO', 47, 'RR', 'Road', 'Runner', NULL, 'VIR', 'roadrunner@cartoonland.com', NULL, NULL, '1950-01-01', '9999-12-31', NULL, '2003-01-01 12:00:00', 'AJM', '2004-08-30 16:18:58', 'AJM');
INSERT INTO person VALUES ('WW', 'BORING', 2, 'WW', 'Willy', 'Wonka', '', 'GEM', 'willy@chocolatefactory.com', NULL, NULL, '1999-01-01', '9999-12-31', NULL, '2003-01-01 12:00:00', 'AJM', '2004-08-30 16:20:25', 'AJM');
INSERT INTO person VALUES ('CC', 'CARTOO', 4, 'CC', 'Charlie', 'Chan', NULL, 'CAN', NULL, NULL, NULL, '1953-01-01', '9999-12-31', NULL, '2003-01-01 12:00:00', 'AJM', '2004-08-30 16:13:25', 'AJM');
INSERT INTO person VALUES ('MR', 'FILM', 26, 'MR', 'Mickey', 'Rooney', NULL, 'SCO', NULL, NULL, NULL, '1940-01-01', '9999-12-31', NULL, '2003-01-01 12:00:00', 'AJM', '2004-08-30 16:18:48', 'AJM');
INSERT INTO person VALUES ('PA', 'DOLLY', 1, 'PA', 'Pamela', 'Anderson', 'PA', 'LIB', 'pam@hollywood.com', 36, 1234567.89, '1980-07-01', '9999-12-31', 'pictures/female2.jpg', '2003-01-01 12:00:00', 'AJM', '2005-07-14 19:45:09', '127.0.0.1');
INSERT INTO person VALUES ('EE', 'FUNNY', 20, 'EE', 'Edna', 'Everage', 'ee', 'ARI', NULL, NULL, NULL, '1990-01-01', '9999-12-31', NULL, '2003-01-01 12:00:00', 'AJM', '2004-08-30 16:14:08', 'AJM');
INSERT INTO person VALUES ('SF', 'DOLLY', 2, 'SF', 'Sam', 'Fox', 'sf', 'VIR', NULL, NULL, NULL, '1990-01-01', '9999-12-31', NULL, '2003-01-01 12:00:00', 'AJM', '2004-08-30 16:14:23', 'AJM');
INSERT INTO person VALUES ('LH', 'DOLLY', 1, 'LH', 'Liz', 'Hurley', 'lh', 'VIR', NULL, NULL, NULL, '1990-01-01', '9999-12-31', NULL, '2003-01-01 12:00:00', 'AJM', '2004-08-30 16:16:02', 'AJM');
INSERT INTO person VALUES ('JI', 'FILM', 26, 'JI', 'Jeremy', 'Irons', 'ji', 'SAG', NULL, NULL, NULL, '1990-01-01', '9999-12-31', NULL, '2003-01-01 12:00:00', 'AJM', '2004-08-30 16:16:14', 'AJM');
INSERT INTO person VALUES ('CJ', 'FUNNY', 47, 'CJ', 'Casper', 'Jarret', 'cj', 'GEM', NULL, NULL, NULL, '1990-01-01', '9999-12-31', NULL, '2003-01-01 12:00:00', 'AJM', '2004-08-30 16:16:26', 'AJM');
INSERT INTO person VALUES ('KK', 'FILM', 53, 'KK', 'Kevin', 'Kline', 'kk', 'LEO', NULL, NULL, NULL, '1990-01-01', '9999-12-31', NULL, '2003-01-01 12:00:00', 'AJM', '2004-08-30 16:16:38', 'AJM');
INSERT INTO person VALUES ('LL', 'FAMOUS', 4, 'LL', 'Lord', 'Lucan', 'll', 'GEM', NULL, NULL, NULL, '1990-01-01', '9999-12-31', NULL, '2003-01-01 12:00:00', 'AJM', '2004-08-30 16:16:50', 'AJM');
INSERT INTO person VALUES ('NN', 'FILM', 20, 'NN', 'Nick', 'Nolte', 'nn', 'TAU', NULL, NULL, NULL, '1990-01-01', '9999-12-31', NULL, '2003-01-01 12:00:00', 'AJM', '2004-08-30 16:17:30', 'AJM');
INSERT INTO person VALUES ('RO', 'FAMOUS', 2, 'RO', 'Roy', 'Orbison', 'ro', 'SAG', NULL, NULL, NULL, '1990-01-01', '9999-12-31', NULL, '2003-01-01 12:00:00', 'AJM', '2004-08-30 16:17:44', 'AJM');
INSERT INTO person VALUES ('MP', 'DOLLY', 3, 'MP', 'Michelle', 'Pfeiffer', 'mp', 'CAP', NULL, NULL, NULL, '1990-01-01', '9999-12-31', NULL, '2003-01-01 12:00:00', 'AJM', '2004-08-30 16:17:58', 'AJM');
INSERT INTO person VALUES ('PQ', 'ACTOR', 1, 'PQ', 'Pauline', 'Quirke', 'pq', 'ARI', NULL, NULL, NULL, '1990-01-01', '9999-12-31', NULL, '2003-01-01 12:00:00', 'AJM', '2004-08-30 16:18:32', 'AJM');
INSERT INTO person VALUES ('SS', 'DOLLY', 53, 'SS', 'Sharon', 'Stone', 'ss', 'VIR', NULL, NULL, NULL, '1990-01-01', '9999-12-31', NULL, '2003-01-01 12:00:00', 'AJM', '2004-08-30 16:19:10', 'AJM');
INSERT INTO person VALUES ('TT', 'FUNNY', 4, 'TT', 'Terry', 'Thomas', 'tt', 'AQU', NULL, NULL, NULL, '1990-01-01', '9999-12-31', NULL, '2003-01-01 12:00:00', 'AJM', '2004-08-30 16:19:22', 'AJM');
INSERT INTO person VALUES ('LU', 'ACTOR', 15, 'LU', 'Liv', 'Ullman', 'lu', 'ARI', NULL, NULL, NULL, '1990-01-01', '9999-12-31', NULL, '2003-01-01 12:00:00', 'AJM', '2004-08-30 16:19:35', 'AJM');
INSERT INTO person VALUES ('PV', 'HISTOR', 19, 'PV', 'Pancho', 'Villa', 'pv', 'LIB', NULL, NULL, NULL, '1990-01-01', '9999-12-31', NULL, '2003-01-01 12:00:00', 'AJM', '2004-08-30 16:19:50', 'AJM');
INSERT INTO person VALUES ('RW', 'DOLLY', 20, 'RW', 'Raquel', 'Welch', 'rw', 'VIR', NULL, NULL, NULL, '1990-01-01', '9999-12-31', NULL, '2003-01-01 12:00:00', 'AJM', '2004-08-30 16:20:02', 'AJM');
INSERT INTO person VALUES ('XX', 'ANON', 3, 'XX', 'Xavier', 'Xtra', 'xx', 'LIB', NULL, NULL, NULL, '1990-01-01', '9999-12-31', NULL, '2003-01-01 12:00:00', 'AJM', '2004-08-30 16:20:39', 'AJM');
INSERT INTO person VALUES ('YY', 'HISTOR', 1, 'YY', 'Yin', 'Yang', 'yy', 'SCO', NULL, NULL, NULL, '1990-01-01', '9999-12-31', NULL, '2003-01-01 12:00:00', 'AJM', '2004-08-30 16:20:57', 'AJM');
INSERT INTO person VALUES ('Z', 'CARTOO', 26, 'Z', 'Mr', 'Zebedee', 'z', 'CAN', NULL, NULL, NULL, '1990-01-01', '9999-12-31', NULL, '2003-01-01 12:00:00', 'AJM', '2004-08-30 16:21:07', 'AJM');
INSERT INTO person VALUES ('KB', 'DOLLY', 26, 'KB', 'Kim', 'Basinger', 'KB', 'SAG', NULL, NULL, NULL, '1990-01-01', '9999-12-31', 'pictures/female2.jpg', '2003-01-01 12:00:00', 'AJM', '2005-07-17 19:58:18', '127.0.0.1');
INSERT INTO person VALUES ('FB', 'ANON', 47, 'FB', 'Fred', 'Bloggs', NULL, 'VIR', NULL, NULL, NULL, '2002-01-01', '9999-12-31', 'pictures/clown.jpg', '2003-01-01 12:00:00', 'AJM', '2005-03-10 21:40:32', '127.0.0.1');
INSERT INTO person VALUES ('BG', 'EXEC', 3, 'WG', 'Bill', 'Gates', 'wg', 'CAN', NULL, NULL, NULL, '1990-01-01', '9999-12-31', NULL, '2003-01-01 12:00:00', 'AJM', '2004-08-30 16:14:36', 'AJM');
go
-- 
-- Dumping data for table tree_level
-- 

INSERT INTO tree_level VALUES ('TEST', 1, 1, 'Test level 1', '2003-01-01 12:00:00', 'AJM', NULL, NULL);
INSERT INTO tree_level VALUES ('TEST', 2, 2, 'Test level 2', '2003-01-01 12:00:00', 'AJM', NULL, NULL);
INSERT INTO tree_level VALUES ('ORG', 1, 2, 'Company', '2003-01-01 12:00:00', 'AJM', '2004-08-29 17:19:25', '127.0.0.1');
INSERT INTO tree_level VALUES ('ORG', 2, 3, 'Department', '2003-01-01 12:00:00', 'AJM', '2004-08-29 17:19:25', '127.0.0.1');
INSERT INTO tree_level VALUES ('ORG', 3, 4, 'Section', '2003-01-01 12:00:00', 'AJM', '2004-08-29 17:19:25', '127.0.0.1');
INSERT INTO tree_level VALUES ('PROJ', 1, 1, 'Project ID', '2003-01-01 12:00:00', 'AJM', NULL, NULL);
INSERT INTO tree_level VALUES ('PROJ', 2, 2, 'Project Phase', '2003-01-01 12:00:00', 'AJM', NULL, NULL);
INSERT INTO tree_level VALUES ('PROJ', 3, 3, 'Project Component', '2003-01-01 12:00:00', 'AJM', NULL, NULL);
INSERT INTO tree_level VALUES ('ORG', 4, 1, 'Group', '2003-01-01 12:00:00', 'AJM', '2004-08-29 17:19:25', '127.0.0.1');
INSERT INTO tree_level VALUES ('TEST', 3, 3, 'Test level 3', '2003-01-01 12:00:00', 'AJM', NULL, NULL);
go
-- 
-- Dumping data for table tree_node
-- 

INSERT INTO tree_node VALUES (1, 'ORG', 1, 'AJM Systems Limited', 25, '-01', '2003-01-01 12:00:00', 'AJM', NULL, NULL);
INSERT INTO tree_node VALUES (2, 'ORG', 2, 'Department of Problems', 47, '-001', '2003-01-01 12:00:00', 'AJM', NULL, NULL);
INSERT INTO tree_node VALUES (3, 'ORG', 2, 'Department of Solutions', 47, '-002', '2003-01-01 12:00:00', 'AJM', NULL, NULL);
INSERT INTO tree_node VALUES (4, 'ORG', 2, 'Department of Excuses', 1, '-003', '2003-01-01 12:00:00', 'AJM', NULL, NULL);
INSERT INTO tree_node VALUES (6, 'ORG', 3, 'Section 2 (node 6)', 4, '-0002', '2003-01-01 12:00:00', 'AJM', NULL, NULL);
INSERT INTO tree_node VALUES (5, 'ORG', 3, 'Section 1 (node 5)', 4, '-0001', '2003-01-01 12:00:00', 'AJM', NULL, NULL);
INSERT INTO tree_node VALUES (7, 'ORG', 3, 'Section 3 (node 7)', 4, '-0003', '2003-01-01 12:00:00', 'AJM', NULL, NULL);
INSERT INTO tree_node VALUES (8, 'ORG', 3, 'Section 4 (node 8)', 2, '-0004', '2003-01-01 12:00:00', 'AJM', NULL, NULL);
INSERT INTO tree_node VALUES (9, 'ORG', 3, 'Section 5 (node 9)', 2, '-0005', '2003-01-01 12:00:00', 'AJM', NULL, NULL);
INSERT INTO tree_node VALUES (10, 'ORG', 3, 'Section 6 (node 10)', 2, '-0006', '2003-01-01 12:00:00', 'AJM', NULL, NULL);
INSERT INTO tree_node VALUES (11, 'TEST', 2, 'Node 11, test level 2', 12, NULL, '2003-01-01 12:00:00', 'AJM', NULL, NULL);
INSERT INTO tree_node VALUES (12, 'TEST', 1, 'Node 12, test level 1', NULL, '12-1', '2003-01-01 12:00:00', 'AJM', NULL, NULL);
INSERT INTO tree_node VALUES (13, 'TEST', 2, 'Node 13, test level 2', 12, NULL, '2003-01-01 12:00:00', 'AJM', NULL, NULL);
INSERT INTO tree_node VALUES (14, 'TEST', 2, 'Node 14, test level 2', 12, NULL, '2003-01-01 12:00:00', 'AJM', NULL, NULL);
INSERT INTO tree_node VALUES (15, 'ORG', 2, 'Department of Silly Noises', 26, '-004', '2003-01-01 12:00:00', 'AJM', NULL, NULL);
INSERT INTO tree_node VALUES (16, 'ORG', 3, 'Section 7 (node 16)', 3, '-0007', '2003-01-01 12:00:00', 'AJM', NULL, NULL);
INSERT INTO tree_node VALUES (17, 'ORG', 3, 'Section 8 (node 17)', 3, '-0008', '2003-01-01 12:00:00', 'AJM', NULL, NULL);
INSERT INTO tree_node VALUES (18, 'ORG', 3, 'Section 9 (node 18)', 3, '-0009', '2003-01-01 12:00:00', 'AJM', NULL, NULL);
INSERT INTO tree_node VALUES (19, 'ORG', 2, 'Department of Silly Walks', 26, '-005', '2003-01-01 12:00:00', 'AJM', NULL, NULL);
INSERT INTO tree_node VALUES (20, 'ORG', 2, 'Department of Failures', 1, '-006', '2003-01-01 12:00:00', 'AJM', NULL, NULL);
INSERT INTO tree_node VALUES (21, 'ORG', 3, 'Section 10 (node 21)', 3, '-0010', '2003-01-01 12:00:00', 'AJM', NULL, NULL);
INSERT INTO tree_node VALUES (22, 'ORG', 3, 'Section 11 (node 22)', 15, '-0011', '2003-01-01 12:00:00', 'AJM', NULL, NULL);
INSERT INTO tree_node VALUES (23, 'ORG', 3, 'Section 12 (node 23)', 44, '-0012', '2003-01-01 12:00:00', 'AJM', NULL, NULL);
INSERT INTO tree_node VALUES (24, 'ORG', 3, 'Section 13 (node 24)', 20, '-0013', '2003-01-01 12:00:00', 'AJM', NULL, NULL);
INSERT INTO tree_node VALUES (25, 'ORG', 4, 'The AJM Group', NULL, 'A', '2003-01-01 12:00:00', 'AJM', NULL, NULL);
INSERT INTO tree_node VALUES (26, 'ORG', 1, 'AJM Products Limited', 25, '-02', '2003-01-01 12:00:00', 'AJM', NULL, NULL);
INSERT INTO tree_node VALUES (27, 'ORG', 3, 'Section 14 (node 27)', 19, '-0014', '2003-01-01 12:00:00', 'AJM', NULL, NULL);
INSERT INTO tree_node VALUES (28, 'ORG', 3, 'Section 15 (node 28)', NULL, '-0015', '2003-01-01 12:00:00', 'AJM', NULL, NULL);
INSERT INTO tree_node VALUES (29, 'PROJ', 1, 'Project A', NULL, NULL, '2003-01-01 12:00:00', 'AJM', NULL, NULL);
INSERT INTO tree_node VALUES (30, 'PROJ', 1, 'Project B', NULL, NULL, '2003-01-01 12:00:00', 'AJM', NULL, NULL);
INSERT INTO tree_node VALUES (31, 'PROJ', 1, 'Project C', NULL, NULL, '2003-01-01 12:00:00', 'AJM', NULL, NULL);
INSERT INTO tree_node VALUES (32, 'PROJ', 2, 'Phase 1', 29, NULL, '2003-01-01 12:00:00', 'AJM', NULL, NULL);
INSERT INTO tree_node VALUES (33, 'PROJ', 2, 'Phase 2', 29, NULL, '2003-01-01 12:00:00', 'AJM', NULL, NULL);
INSERT INTO tree_node VALUES (34, 'PROJ', 2, 'Phase 3', 29, NULL, '2003-01-01 12:00:00', 'AJM', NULL, NULL);
INSERT INTO tree_node VALUES (35, 'PROJ', 2, 'Phase 1', 30, NULL, '2003-01-01 12:00:00', 'AJM', NULL, NULL);
INSERT INTO tree_node VALUES (36, 'PROJ', 2, 'Phase 2', 30, NULL, '2003-01-01 12:00:00', 'AJM', NULL, NULL);
INSERT INTO tree_node VALUES (37, 'PROJ', 2, 'Phase 3', 30, NULL, '2003-01-01 12:00:00', 'AJM', NULL, NULL);
INSERT INTO tree_node VALUES (38, 'PROJ', 2, 'Phase 1', 31, NULL, '2003-01-01 12:00:00', 'AJM', NULL, NULL);
INSERT INTO tree_node VALUES (39, 'PROJ', 2, 'Phase 2', 31, NULL, '2003-01-01 12:00:00', 'AJM', NULL, NULL);
INSERT INTO tree_node VALUES (40, 'PROJ', 2, 'Phase 3', 31, NULL, '2003-01-01 12:00:00', 'AJM', NULL, NULL);
INSERT INTO tree_node VALUES (41, 'PROJ', 3, 'Component 41', 32, NULL, '2003-01-01 12:00:00', 'AJM', NULL, NULL);
INSERT INTO tree_node VALUES (42, 'PROJ', 3, 'Component 42', 32, NULL, '2003-01-01 12:00:00', 'AJM', NULL, NULL);
INSERT INTO tree_node VALUES (43, 'PROJ', 3, 'Component 43', 32, NULL, '2003-01-01 12:00:00', 'AJM', NULL, NULL);
INSERT INTO tree_node VALUES (44, 'ORG', 2, 'Department 44', NULL, '-044', '2003-01-01 12:00:00', 'AJM', NULL, NULL);
INSERT INTO tree_node VALUES (45, 'ORG', 3, 'Section 16 (node 45)', NULL, '-0016', '2003-01-01 12:00:00', 'AJM', NULL, NULL);
INSERT INTO tree_node VALUES (46, 'TEST', 2, 'Node 46 level 2', NULL, NULL, '2003-01-01 12:00:00', 'AJM', NULL, NULL);
INSERT INTO tree_node VALUES (47, 'ORG', 1, 'AJM Enterprises Ltd', 25, '47', '2003-01-01 12:00:00', 'AJM', NULL, NULL);
INSERT INTO tree_node VALUES (48, 'ORG', 3, 'node 48', NULL, '-0048', '2003-01-01 12:00:00', 'AJM', NULL, NULL);
INSERT INTO tree_node VALUES (49, 'ORG', 3, 'node 49', NULL, '-0049', '2003-01-01 12:00:00', 'AJM', NULL, NULL);
INSERT INTO tree_node VALUES (50, 'TEST', 3, 'node 50', 11, '', '2003-01-01 12:00:00', 'AJM', NULL, NULL);
INSERT INTO tree_node VALUES (51, 'TEST', 3, 'node 51', 11, '-51', '2003-01-01 12:00:00', 'AJM', NULL, NULL);
INSERT INTO tree_node VALUES (52, 'ORG', 2, 'Department 52', NULL, '-52', '2003-01-01 12:00:00', 'AJM', NULL, '');
INSERT INTO tree_node VALUES (53, 'ORG', 1, 'AJM Business Solutions (BS) Ltd', 25, 'BS', '2003-01-01 12:00:00', 'AJM', NULL, NULL);
INSERT INTO tree_node VALUES (54, 'ORG', 2, 'Department 54', 53, '-54', '2003-01-01 12:00:00', 'AJM', NULL, '');
INSERT INTO tree_node VALUES (55, 'TEST', 2, 'node 55', NULL, NULL, '2003-01-01 12:00:00', 'AJM', NULL, NULL);
INSERT INTO tree_node VALUES (56, 'ORG', 3, 'node 56', 20, '-0056', '2003-01-01 12:00:00', 'AJM', NULL, NULL);
INSERT INTO tree_node VALUES (57, 'TEST', 3, 'Node 57', 11, '57', '2003-01-01 12:00:00', 'AJM', NULL, NULL);
INSERT INTO tree_node VALUES (58, 'ORG', 2, 'Department 58', NULL, '-58', '2004-08-25 16:47:09', 'AJM', NULL, '');
INSERT INTO tree_node VALUES (59, 'TEST', 3, 'Node 59', NULL, '-59', '2005-01-16 18:38:11', '127.0.0.1', NULL, NULL);
INSERT INTO tree_node VALUES (60, 'TEST', 3, 'Node 60', NULL, '-60', '2005-01-16 21:13:45', '127.0.0.1', NULL, NULL);
INSERT INTO tree_node VALUES (61, 'TEST', 3, 'Node 61', NULL, '-61', '2005-01-16 21:13:55', '127.0.0.1', NULL, NULL);
go
-- 
-- Dumping data for table tree_type
-- 

INSERT INTO tree_type VALUES ('ORG', 'Organisation', '2003-01-01 12:00:00', 'AJM', NULL, NULL);
INSERT INTO tree_type VALUES ('PROJ', 'Project', '2003-01-01 12:00:00', 'AJM', NULL, NULL);
INSERT INTO tree_type VALUES ('TEST', 'Test', '2003-01-01 12:00:00', 'AJM', NULL, NULL);
go
-- 
-- Dumping data for table x_option
-- 
go
INSERT INTO x_option VALUES ('ALBATROS', 'Albatross', '2003-01-01 12:00:00', 'AJM', NULL, NULL);
INSERT INTO x_option VALUES ('ANACONDA', 'Anaconda', '2003-01-01 12:00:00', 'AJM', NULL, NULL);
INSERT INTO x_option VALUES ('BARACUDA', 'Baracuda', '2003-01-01 12:00:00', 'AJM', NULL, NULL);
INSERT INTO x_option VALUES ('BUMBLE', 'Bumble Bee', '2003-01-01 12:00:00', 'AJM', NULL, NULL);
INSERT INTO x_option VALUES ('CHINCHIL', 'Chinchilla', '2003-01-01 12:00:00', 'AJM', NULL, NULL);
INSERT INTO x_option VALUES ('CROCODIL', 'Crocodile', '2003-01-01 12:00:00', 'AJM', NULL, NULL);
INSERT INTO x_option VALUES ('DINOSAUR', 'Dinosaur', '2003-01-01 12:00:00', 'AJM', NULL, NULL);
INSERT INTO x_option VALUES ('DUCKBILL', 'Duck-Billed Platypus', '2003-01-01 12:00:00', 'AJM', NULL, NULL);
INSERT INTO x_option VALUES ('EMU', 'Emu', '2003-01-01 12:00:00', 'AJM', NULL, NULL);
INSERT INTO x_option VALUES ('FERRET', 'Ferret', '2003-01-01 12:00:00', 'AJM', NULL, NULL);
INSERT INTO x_option VALUES ('FOX', 'Fox', '2003-01-01 12:00:00', 'AJM', NULL, NULL);
INSERT INTO x_option VALUES ('GERBIL', 'Gerbil', '2003-01-01 12:00:00', 'AJM', NULL, NULL);
INSERT INTO x_option VALUES ('GORILLA', 'Gorilla', '2003-01-01 12:00:00', 'AJM', NULL, NULL);
INSERT INTO x_option VALUES ('HADDOCK', 'Haddock', '2003-01-01 12:00:00', 'AJM', NULL, NULL);
INSERT INTO x_option VALUES ('HAMSTER', 'Hamster', '2003-01-01 12:00:00', 'AJM', NULL, NULL);
INSERT INTO x_option VALUES ('IBEX', 'Ibex', '2003-01-01 12:00:00', 'AJM', NULL, NULL);
INSERT INTO x_option VALUES ('IBIS', 'Ibis', '2003-01-01 12:00:00', 'AJM', NULL, NULL);
INSERT INTO x_option VALUES ('JABBER', 'Jabberwocky', '2003-01-01 12:00:00', 'AJM', NULL, NULL);
INSERT INTO x_option VALUES ('JACKAL', 'Jackal', '2003-01-01 12:00:00', 'AJM', NULL, NULL);
INSERT INTO x_option VALUES ('KANGEROO', 'Kangeroo', '2003-01-01 12:00:00', 'AJM', NULL, NULL);
INSERT INTO x_option VALUES ('KESTREL', 'Kestrel', '2003-01-01 12:00:00', 'AJM', NULL, NULL);
INSERT INTO x_option VALUES ('LEMMING', 'Lemming', '2003-01-01 12:00:00', 'AJM', NULL, NULL);
INSERT INTO x_option VALUES ('LION', 'Lion', '2003-01-01 12:00:00', 'AJM', NULL, NULL);
INSERT INTO x_option VALUES ('MACAW', 'Macaw', '2003-01-01 12:00:00', 'AJM', NULL, NULL);
INSERT INTO x_option VALUES ('MOUSE', 'Mouse', '2003-01-01 12:00:00', 'AJM', NULL, NULL);
INSERT INTO x_option VALUES ('NASTURTI', 'Nasturtium', '2003-01-01 12:00:00', 'AJM', NULL, NULL);
INSERT INTO x_option VALUES ('NATTERJA', 'Natterjack', '2003-01-01 12:00:00', 'AJM', NULL, NULL);
INSERT INTO x_option VALUES ('OAK', 'Oak', '2003-01-01 12:00:00', 'AJM', NULL, NULL);
INSERT INTO x_option VALUES ('OCELOT', 'Ocelot', '2003-01-01 12:00:00', 'AJM', NULL, NULL);
INSERT INTO x_option VALUES ('PARROT', 'Parrot', '2003-01-01 12:00:00', 'AJM', NULL, NULL);
INSERT INTO x_option VALUES ('PARSLEY', 'Parsley', '2003-01-01 12:00:00', 'AJM', NULL, NULL);
INSERT INTO x_option VALUES ('QUAIL', 'Quail', '2003-01-01 12:00:00', 'AJM', NULL, NULL);
INSERT INTO x_option VALUES ('QUINCE', 'Quince', '2003-01-01 12:00:00', 'AJM', NULL, NULL);
INSERT INTO x_option VALUES ('RABBIT', 'Rabbit', '2003-01-01 12:00:00', 'AJM', NULL, NULL);
INSERT INTO x_option VALUES ('RACOON', 'Racoon', '2003-01-01 12:00:00', 'AJM', NULL, NULL);
INSERT INTO x_option VALUES ('SALAMAND', 'Salamander', '2003-01-01 12:00:00', 'AJM', NULL, NULL);
INSERT INTO x_option VALUES ('SHEEP', 'Sheep', '2003-01-01 12:00:00', 'AJM', NULL, NULL);
INSERT INTO x_option VALUES ('TARANTUL', 'Tarantula', '2003-01-01 12:00:00', 'AJM', NULL, NULL);
INSERT INTO x_option VALUES ('TURKEY', 'Turkey', '2003-01-01 12:00:00', 'AJM', NULL, NULL);
INSERT INTO x_option VALUES ('UKELELE', 'Ukelele', '2003-01-01 12:00:00', 'AJM', NULL, NULL);
INSERT INTO x_option VALUES ('URCHIN', 'Urchin', '2003-01-01 12:00:00', 'AJM', NULL, NULL);
INSERT INTO x_option VALUES ('VIXEN', 'Vixen', '2003-01-01 12:00:00', 'AJM', NULL, NULL);
INSERT INTO x_option VALUES ('VOLE', 'Vole', '2003-01-01 12:00:00', 'AJM', NULL, NULL);
INSERT INTO x_option VALUES ('WATERBUF', 'Waterbuffalo', '2003-01-01 12:00:00', 'AJM', NULL, NULL);
INSERT INTO x_option VALUES ('WILDEBEE', 'Wildebeest', '2003-01-01 12:00:00', 'AJM', NULL, NULL);
INSERT INTO x_option VALUES ('XENOPHIL', 'Xenophile', '2003-01-01 12:00:00', 'AJM', NULL, NULL);
INSERT INTO x_option VALUES ('XENOPHOB', 'Xenophobe', '2003-01-01 12:00:00', 'AJM', NULL, NULL);
INSERT INTO x_option VALUES ('YAK', 'Yak', '2003-01-01 12:00:00', 'AJM', NULL, NULL);
INSERT INTO x_option VALUES ('YETI', 'Yeti', '2003-01-01 12:00:00', 'AJM', NULL, NULL);
INSERT INTO x_option VALUES ('ZEBRA', 'Zebra', '2003-01-01 12:00:00', 'AJM', NULL, NULL);
INSERT INTO x_option VALUES ('ZOMBIE', 'Zombie', '2003-01-01 12:00:00', 'AJM', NULL, NULL);
go
